ros-humble-tiago-pro-robot (1.32.0-1jammy) jammy; urgency=high



 -- Narcis Miguel <narcis.miguel@pal-robotics.com>  Thu, 23 Oct 2025 00:00:00 -0000

ros-humble-tiago-pro-robot (1.31.2-1jammy) jammy; urgency=high



 -- Narcis Miguel <narcis.miguel@pal-robotics.com>  Tue, 21 Oct 2025 00:00:00 -0000

ros-humble-tiago-pro-robot (1.31.1-1jammy) jammy; urgency=high



 -- Narcis Miguel <narcis.miguel@pal-robotics.com>  Mon, 13 Oct 2025 00:00:00 -0000

ros-humble-tiago-pro-robot (1.31.0-1jammy) jammy; urgency=high



 -- Narcis Miguel <narcis.miguel@pal-robotics.com>  Wed, 27 Aug 2025 00:00:00 -0000

ros-humble-tiago-pro-robot (1.30.1-1jammy) jammy; urgency=high



 -- Narcis Miguel <narcis.miguel@pal-robotics.com>  Tue, 05 Aug 2025 00:00:00 -0000

ros-humble-tiago-pro-robot (1.30.0-1jammy) jammy; urgency=high



 -- Narcis Miguel <narcis.miguel@pal-robotics.com>  Fri, 01 Aug 2025 00:00:00 -0000

ros-humble-tiago-pro-robot (1.29.5-1jammy) jammy; urgency=high



 -- Narcis Miguel <narcis.miguel@pal-robotics.com>  Fri, 01 Aug 2025 00:00:00 -0000

ros-humble-tiago-pro-robot (1.29.4-1jammy) jammy; urgency=high



 -- Narcis Miguel <narcis.miguel@pal-robotics.com>  Fri, 18 Jul 2025 00:00:00 -0000

ros-humble-tiago-pro-robot (1.29.3-1jammy) jammy; urgency=high



 -- Narcis Miguel <narcis.miguel@pal-robotics.com>  Wed, 16 Jul 2025 00:00:00 -0000

ros-humble-tiago-pro-robot (1.29.2-1jammy) jammy; urgency=high



 -- Narcis Miguel <narcis.miguel@pal-robotics.com>  Thu, 10 Jul 2025 00:00:00 -0000

ros-humble-tiago-pro-robot (1.29.1-1jammy) jammy; urgency=high



 -- Narcis Miguel <narcis.miguel@pal-robotics.com>  Thu, 10 Jul 2025 00:00:00 -0000

ros-humble-tiago-pro-robot (1.29.0-1jammy) jammy; urgency=high



 -- Narcis Miguel <narcis.miguel@pal-robotics.com>  Tue, 08 Jul 2025 00:00:00 -0000

ros-humble-tiago-pro-robot (1.28.0-1jammy) jammy; urgency=high



 -- Narcis Miguel <narcis.miguel@pal-robotics.com>  Wed, 18 Jun 2025 00:00:00 -0000

ros-humble-tiago-pro-robot (1.27.1-1jammy) jammy; urgency=high



 -- Narcis Miguel <narcis.miguel@pal-robotics.com>  Tue, 17 Jun 2025 00:00:00 -0000

ros-humble-tiago-pro-robot (1.27.0-1jammy) jammy; urgency=high



 -- Narcis Miguel <narcis.miguel@pal-robotics.com>  Fri, 06 Jun 2025 00:00:00 -0000

ros-humble-tiago-pro-robot (1.26.4-1jammy) jammy; urgency=high



 -- Narcis Miguel <narcis.miguel@pal-robotics.com>  Thu, 05 Jun 2025 00:00:00 -0000

ros-humble-tiago-pro-robot (1.26.3-1jammy) jammy; urgency=high



 -- Narcis Miguel <narcis.miguel@pal-robotics.com>  Thu, 05 Jun 2025 00:00:00 -0000

ros-humble-tiago-pro-robot (1.26.2-1jammy) jammy; urgency=high



 -- Narcis Miguel <narcis.miguel@pal-robotics.com>  Wed, 04 Jun 2025 00:00:00 -0000

ros-humble-tiago-pro-robot (1.26.1-1jammy) jammy; urgency=high



 -- Narcis Miguel <narcis.miguel@pal-robotics.com>  Tue, 03 Jun 2025 00:00:00 -0000

ros-humble-tiago-pro-robot (1.26.0-1jammy) jammy; urgency=high



 -- Narcis Miguel <narcis.miguel@pal-robotics.com>  Thu, 29 May 2025 00:00:00 -0000

ros-humble-tiago-pro-robot (1.25.8-1jammy) jammy; urgency=high



 -- Narcis Miguel <narcis.miguel@pal-robotics.com>  Wed, 28 May 2025 00:00:00 -0000

ros-humble-tiago-pro-robot (1.25.7-1jammy) jammy; urgency=high



 -- Narcis Miguel <narcis.miguel@pal-robotics.com>  Mon, 19 May 2025 00:00:00 -0000

ros-humble-tiago-pro-robot (1.25.6-1jammy) jammy; urgency=high



 -- Narcis Miguel <narcis.miguel@pal-robotics.com>  Thu, 08 May 2025 00:00:00 -0000

ros-humble-tiago-pro-robot (1.25.5-1jammy) jammy; urgency=high



 -- Narcis Miguel <narcis.miguel@pal-robotics.com>  Fri, 02 May 2025 00:00:00 -0000

ros-humble-tiago-pro-robot (1.25.4-1jammy) jammy; urgency=high



 -- Narcis Miguel <narcis.miguel@pal-robotics.com>  Thu, 17 Apr 2025 00:00:00 -0000

ros-humble-tiago-pro-robot (1.25.3-1jammy) jammy; urgency=high



 -- Narcis Miguel <narcis.miguel@pal-robotics.com>  Thu, 03 Apr 2025 00:00:00 -0000

ros-humble-tiago-pro-robot (1.25.2-1jammy) jammy; urgency=high



 -- Narcis Miguel <narcis.miguel@pal-robotics.com>  Wed, 02 Apr 2025 00:00:00 -0000

ros-humble-tiago-pro-robot (1.25.1-1jammy) jammy; urgency=high



 -- Narcis Miguel <narcis.miguel@pal-robotics.com>  Mon, 31 Mar 2025 00:00:00 -0000

ros-humble-tiago-pro-robot (1.25.0-1jammy) jammy; urgency=high



 -- Narcis Miguel <narcis.miguel@pal-robotics.com>  Thu, 27 Mar 2025 00:00:00 -0000

ros-humble-tiago-pro-robot (1.24.0-1jammy) jammy; urgency=high



 -- Narcis Miguel <narcis.miguel@pal-robotics.com>  Tue, 25 Mar 2025 00:00:00 -0000

ros-humble-tiago-pro-robot (1.23.4-1jammy) jammy; urgency=high



 -- Narcis Miguel <narcis.miguel@pal-robotics.com>  Tue, 25 Mar 2025 00:00:00 -0000

ros-humble-tiago-pro-robot (1.23.3-1jammy) jammy; urgency=high



 -- Narcis Miguel <narcis.miguel@pal-robotics.com>  Tue, 18 Mar 2025 00:00:00 -0000

ros-humble-tiago-pro-robot (1.23.2-1jammy) jammy; urgency=high



 -- Narcis Miguel <narcis.miguel@pal-robotics.com>  Fri, 28 Feb 2025 00:00:00 -0000

ros-humble-tiago-pro-robot (1.23.1-1jammy) jammy; urgency=high



 -- Narcis Miguel <narcis.miguel@pal-robotics.com>  Thu, 27 Feb 2025 00:00:00 -0000

ros-humble-tiago-pro-robot (1.23.0-1jammy) jammy; urgency=high



 -- Narcis Miguel <narcis.miguel@pal-robotics.com>  Mon, 24 Feb 2025 00:00:00 -0000

ros-humble-tiago-pro-robot (1.22.2-1jammy) jammy; urgency=high



 -- Narcis Miguel <narcis.miguel@pal-robotics.com>  Tue, 18 Feb 2025 00:00:00 -0000

ros-humble-tiago-pro-robot (1.22.1-1jammy) jammy; urgency=high



 -- Narcis Miguel <narcis.miguel@pal-robotics.com>  Thu, 23 Jan 2025 00:00:00 -0000

ros-humble-tiago-pro-robot (1.22.0-1jammy) jammy; urgency=high



 -- Narcis Miguel <narcis.miguel@pal-robotics.com>  Wed, 22 Jan 2025 00:00:00 -0000

ros-humble-tiago-pro-robot (1.21.0-1jammy) jammy; urgency=high



 -- Narcis Miguel <narcis.miguel@pal-robotics.com>  Thu, 16 Jan 2025 00:00:00 -0000

ros-humble-tiago-pro-robot (1.20.0-1jammy) jammy; urgency=high



 -- Narcis Miguel <narcis.miguel@pal-robotics.com>  Tue, 07 Jan 2025 00:00:00 -0000

ros-humble-tiago-pro-robot (1.19.0-1jammy) jammy; urgency=high



 -- Narcis Miguel <narcis.miguel@pal-robotics.com>  Tue, 10 Dec 2024 00:00:00 -0000

ros-humble-tiago-pro-robot (1.18.0-1jammy) jammy; urgency=high



 -- Narcis Miguel <narcis.miguel@pal-robotics.com>  Mon, 02 Dec 2024 00:00:00 -0000

ros-humble-tiago-pro-robot (1.17.0-1jammy) jammy; urgency=high



 -- Narcis Miguel <narcis.miguel@pal-robotics.com>  Thu, 21 Nov 2024 00:00:00 -0000

ros-humble-tiago-pro-robot (1.16.0-1jammy) jammy; urgency=high



 -- Narcis Miguel <narcis.miguel@pal-robotics.com>  Fri, 08 Nov 2024 00:00:00 -0000

ros-humble-tiago-pro-robot (1.15.0-1jammy) jammy; urgency=high



 -- Narcis Miguel <narcis.miguel@pal-robotics.com>  Wed, 06 Nov 2024 00:00:00 -0000

ros-humble-tiago-pro-robot (1.14.2-1jammy) jammy; urgency=high



 -- Narcis Miguel <narcis.miguel@pal-robotics.com>  Wed, 06 Nov 2024 00:00:00 -0000

ros-humble-tiago-pro-robot (1.14.1-1jammy) jammy; urgency=high



 -- Narcis Miguel <narcis.miguel@pal-robotics.com>  Wed, 30 Oct 2024 00:00:00 -0000

ros-humble-tiago-pro-robot (1.14.0-1jammy) jammy; urgency=high



 -- Narcis Miguel <narcis.miguel@pal-robotics.com>  Tue, 29 Oct 2024 00:00:00 -0000

ros-humble-tiago-pro-robot (1.13.0-1jammy) jammy; urgency=high



 -- Narcis Miguel <narcis.miguel@pal-robotics.com>  Tue, 29 Oct 2024 00:00:00 -0000

ros-humble-tiago-pro-robot (1.12.1-1jammy) jammy; urgency=high



 -- Narcis Miguel <narcis.miguel@pal-robotics.com>  Mon, 28 Oct 2024 00:00:00 -0000

ros-humble-tiago-pro-robot (1.12.0-1jammy) jammy; urgency=high



 -- Narcis Miguel <narcis.miguel@pal-robotics.com>  Mon, 28 Oct 2024 00:00:00 -0000

ros-humble-tiago-pro-robot (1.11.0-1jammy) jammy; urgency=high



 -- Narcis Miguel <narcis.miguel@pal-robotics.com>  Fri, 25 Oct 2024 00:00:00 -0000

ros-humble-tiago-pro-robot (1.10.1-1jammy) jammy; urgency=high



 -- Narcis Miguel <narcis.miguel@pal-robotics.com>  Tue, 22 Oct 2024 00:00:00 -0000

ros-humble-tiago-pro-robot (1.10.0-1jammy) jammy; urgency=high



 -- Narcis Miguel <narcis.miguel@pal-robotics.com>  Mon, 21 Oct 2024 00:00:00 -0000

ros-humble-tiago-pro-robot (1.9.0-1jammy) jammy; urgency=high



 -- Narcis Miguel <narcis.miguel@pal-robotics.com>  Fri, 11 Oct 2024 00:00:00 -0000

ros-humble-tiago-pro-robot (1.8.2-1jammy) jammy; urgency=high



 -- Narcis Miguel <narcis.miguel@pal-robotics.com>  Wed, 02 Oct 2024 00:00:00 -0000

ros-humble-tiago-pro-robot (1.8.1-1jammy) jammy; urgency=high



 -- Narcis Miguel <narcis.miguel@pal-robotics.com>  Fri, 27 Sep 2024 00:00:00 -0000

ros-humble-tiago-pro-robot (1.8.0-1jammy) jammy; urgency=high



 -- Narcis Miguel <narcis.miguel@pal-robotics.com>  Thu, 19 Sep 2024 00:00:00 -0000

ros-humble-tiago-pro-robot (1.7.0-1jammy) jammy; urgency=high



 -- Narcis Miguel <narcis.miguel@pal-robotics.com>  Thu, 12 Sep 2024 00:00:00 -0000

ros-humble-tiago-pro-robot (1.6.0-1jammy) jammy; urgency=high



 -- Narcis Miguel <narcis.miguel@pal-robotics.com>  Tue, 10 Sep 2024 00:00:00 -0000

ros-humble-tiago-pro-robot (1.5.0-1jammy) jammy; urgency=high



 -- Narcis Miguel <narcis.miguel@pal-robotics.com>  Thu, 29 Aug 2024 00:00:00 -0000

ros-humble-tiago-pro-robot (1.4.0-1jammy) jammy; urgency=high



 -- Narcis Miguel <narcis.miguel@pal-robotics.com>  Thu, 22 Aug 2024 00:00:00 -0000

ros-humble-tiago-pro-robot (1.3.0-1jammy) jammy; urgency=high



 -- Narcis Miguel <narcis.miguel@pal-robotics.com>  Thu, 08 Aug 2024 00:00:00 -0000

ros-humble-tiago-pro-robot (1.2.0-1jammy) jammy; urgency=high



 -- Narcis Miguel <narcis.miguel@pal-robotics.com>  Wed, 07 Aug 2024 00:00:00 -0000

ros-humble-tiago-pro-robot (1.1.0-1jammy) jammy; urgency=high



 -- Narcis Miguel <narcis.miguel@pal-robotics.com>  Mon, 05 Aug 2024 00:00:00 -0000

ros-humble-tiago-pro-robot (1.0.13-1jammy) jammy; urgency=high

  * Add warning for pal_module_cmake not found
  * Contributors: Noel Jimenez

 -- Narcis Miguel <narcis.miguel@pal-robotics.com>  Tue, 09 Jul 2024 00:00:00 -0000

ros-humble-tiago-pro-robot (1.0.12-1jammy) jammy; urgency=high



 -- Narcis Miguel <narcis.miguel@pal-robotics.com>  Thu, 27 Jun 2024 00:00:00 -0000

ros-humble-tiago-pro-robot (1.0.11-1jammy) jammy; urgency=high



 -- Narcis Miguel <narcis.miguel@pal-robotics.com>  Wed, 26 Jun 2024 00:00:00 -0000

ros-humble-tiago-pro-robot (1.0.10-1jammy) jammy; urgency=high



 -- Narcis Miguel <narcis.miguel@pal-robotics.com>  Wed, 22 May 2024 00:00:00 -0000

ros-humble-tiago-pro-robot (1.0.9-1jammy) jammy; urgency=high



 -- Narcis Miguel <narcis.miguel@pal-robotics.com>  Thu, 09 May 2024 00:00:00 -0000

ros-humble-tiago-pro-robot (1.0.8-1jammy) jammy; urgency=high



 -- Narcis Miguel <narcis.miguel@pal-robotics.com>  Fri, 26 Apr 2024 00:00:00 -0000

ros-humble-tiago-pro-robot (1.0.7-1jammy) jammy; urgency=high



 -- Narcis Miguel <narcis.miguel@pal-robotics.com>  Thu, 18 Apr 2024 00:00:00 -0000

ros-humble-tiago-pro-robot (1.0.6-1jammy) jammy; urgency=high



 -- Narcis Miguel <narcis.miguel@pal-robotics.com>  Wed, 17 Apr 2024 00:00:00 -0000

ros-humble-tiago-pro-robot (1.0.5-1jammy) jammy; urgency=high



 -- Narcis Miguel <narcis.miguel@pal-robotics.com>  Tue, 16 Apr 2024 00:00:00 -0000

ros-humble-tiago-pro-robot (1.0.4-1jammy) jammy; urgency=high



 -- Narcis Miguel <narcis.miguel@pal-robotics.com>  Wed, 10 Apr 2024 00:00:00 -0000

ros-humble-tiago-pro-robot (1.0.3-1jammy) jammy; urgency=high



 -- Narcis Miguel <narcis.miguel@pal-robotics.com>  Tue, 26 Mar 2024 00:00:00 -0000

ros-humble-tiago-pro-robot (1.0.2-1jammy) jammy; urgency=high



 -- Narcis Miguel <narcis.miguel@pal-robotics.com>  Tue, 26 Mar 2024 00:00:00 -0000

ros-humble-tiago-pro-robot (1.0.1-1jammy) jammy; urgency=high



 -- Narcis Miguel <narcis.miguel@pal-robotics.com>  Fri, 22 Mar 2024 00:00:00 -0000

ros-humble-tiago-pro-robot (1.0.0-1jammy) jammy; urgency=high

  * Merge branch 'ros2-migration' into 'humble-devel'
    Ros2 migration
    See merge request robots/tiago_pro_robot!23
  * Fix lintern tests
  * update to 3.8 the cmake_minimum_required Version
  * migration of CMakeLists.txt and package.xml to ros2
  * Contributors: Adria Roig, ileniaperrella

 -- Narcis Miguel <narcis.miguel@pal-robotics.com>  Tue, 30 Jan 2024 00:00:00 -0000

ros-humble-tiago-pro-robot (0.0.11-1jammy) jammy; urgency=high



 -- Narcis Miguel <narcis.miguel@pal-robotics.com>  Wed, 08 Nov 2023 00:00:00 -0000

ros-humble-tiago-pro-robot (0.0.10-1jammy) jammy; urgency=high

  * Merge branch 'change_name' into 'master'
    Change tiago_v2_prototype to tiago_pro + move arm to an external package
    See merge request robots/tiago_pro_robot!16
  * Change tiago_v2_prototype to tiago_pro + move arm to an external package
  * Contributors: Jordan Palacios, thomaspeyrucain

 -- Narcis Miguel <narcis.miguel@pal-robotics.com>  Fri, 20 Oct 2023 00:00:00 -0000

ros-humble-tiago-pro-robot (0.0.9-1jammy) jammy; urgency=high



 -- Narcis Miguel <narcis.miguel@pal-robotics.com>  Thu, 25 May 2023 00:00:00 -0000

ros-humble-tiago-pro-robot (0.0.8-1jammy) jammy; urgency=high



 -- Narcis Miguel <narcis.miguel@pal-robotics.com>  Wed, 24 May 2023 00:00:00 -0000

ros-humble-tiago-pro-robot (0.0.7-1jammy) jammy; urgency=high



 -- Narcis Miguel <narcis.miguel@pal-robotics.com>  Wed, 24 May 2023 00:00:00 -0000

ros-humble-tiago-pro-robot (0.0.6-1jammy) jammy; urgency=high



 -- Narcis Miguel <narcis.miguel@pal-robotics.com>  Wed, 24 May 2023 00:00:00 -0000

ros-humble-tiago-pro-robot (0.0.5-1jammy) jammy; urgency=high



 -- Narcis Miguel <narcis.miguel@pal-robotics.com>  Mon, 22 May 2023 00:00:00 -0000

ros-humble-tiago-pro-robot (0.0.4-1jammy) jammy; urgency=high



 -- Narcis Miguel <narcis.miguel@pal-robotics.com>  Sat, 20 May 2023 00:00:00 -0000

ros-humble-tiago-pro-robot (0.0.3-1jammy) jammy; urgency=high



 -- Narcis Miguel <narcis.miguel@pal-robotics.com>  Tue, 16 May 2023 00:00:00 -0000

ros-humble-tiago-pro-robot (0.0.2-1jammy) jammy; urgency=high



 -- Narcis Miguel <narcis.miguel@pal-robotics.com>  Tue, 16 May 2023 00:00:00 -0000

ros-humble-tiago-pro-robot (0.0.1-1jammy) jammy; urgency=high

  * Fix the metapkg CMakeLists.txt
  * First commit
  * Contributors: Narcis Miguel, Sai Kishor Kothakota

 -- Narcis Miguel <narcis.miguel@pal-robotics.com>  Tue, 16 May 2023 00:00:00 -0000


